{
            "$schema":   "http://adaptivecards.io/schemas/adaptive-card.json",
            "type":   "AdaptiveCard",
            "version":   "1.0",
            "body": [{
                "type":   "TextBlock",
                "text":   "Applying for a Standard Chartered credit card is easy. Just fill in our online form. Have a look at our credit card options and let us know which card you are interested in",
                "wrap": "true"
            }],
            "actions": [{
                "type":   "Action.OpenUrl",
                "title":   "Apply Now",
                "url": "www.capgemini.com"
            }]
        }