{
            "$schema":   "http://adaptivecards.io/schemas/adaptive-card.json",
            "type":   "AdaptiveCard",
            "version":   "1.0",
            "body": [{
                "type":   "TextBlock",
                "text":   "You can learn about all our exciting offers on our website. If you bookmark the link, you'll find it much easier to keep up to date with our latest promotions.",
                "wrap": "true"
            }],
            "actions": [{
                "type":   "Action.OpenUrl",
                "title":   "Learn More",
                "url": "www.capgemini.com"
            }]
        }