{
            "$schema":   "http://adaptivecards.io/schemas/adaptive-card.json",
            "type":   "AdaptiveCard",
            "version":   "1.0",
            "body": [{
                "type":   "TextBlock",
                "text":   "As much as I would like to see you stay, you can contact us at 28864111 to arrange the cancellation of your Standard Chartered credit card.",
                "wrap": "true"
            }],
            "actions": [{
                "type":   "Action.OpenUrl",
                "title":   "Cancel credit card",
                "url": "www.capgemini.com"
            }]
        }