{
            "$schema":   "http://adaptivecards.io/schemas/adaptive-card.json",
            "type":   "AdaptiveCard",
            "version":   "1.0",
            "body": [{
                "type":   "TextBlock",
                "text":   "We can provide you with a replacement credit card. Please give my colleagues a call at 28864111. You can also find them online.",
                "wrap": "true"
            }],
            "actions": [{
                "type":   "Action.OpenUrl",
                "title":   "Replacement credit card",
                "url": "www.capgemini.com"
            }]
        }