{
    "type": "AdaptiveCard",
    "version": "1.0",
    "body": [
        {
            "type": "TextBlock",
            "spacing": "Medium",
            "size": "default",
            "weight": "default",
            "text": "Hi! I am MAIA, your virtual assistant. I can help you with banking related queries.",
            "wrap": true,
            "maxLines": 0
        }
    ],
    "actions": [
        {
            "type": "Action.Submit",
            "title": "Pay Bills",
            "data": "Pay Bills"
        },
         {
            "type": "Action.Submit",
            "title": "Make a Deposit",
            "data": "Make a Deposit"
        },
         {
            "type": "Action.Submit",
            "title": "Reset Pin",
            "data": "Reset Pin"
        },
         {
            "type": "Action.Submit",
            "title": "Block Cards",
            "data": "Block Cards"
        }
    ],
    "$schema": "http://adaptivecards.io/schemas/adaptive-card.json"
}