{
    "$schema": "http://adaptivecards.io/schemas/adaptive-card.json",
    "type": "AdaptiveCard",
    "version": "1.0",
    "body": [
        {
            "type": "TextBlock",
            "text": "OK, select which address you want to update:",
            "wrap": true,
            "weight": "Bolder"
        },
        {
            "type": "Container",
            "items": [
                {
                    "type": "TextBlock",
                    "color": "dark",
                    "text": "Mailing",
                    "horizontalAlignment": "center",
                    "wrap": true,
                    "height": "auto"
                }
            ],
              "style": "emphasis",
            "selectAction": {
              "type": "Action.Submit",
              "data": "Update mailing address",
              "title": "Mailing"
            },
            "height": "auto"
        },
        {
            "type": "Container",
            "items": [
                {
                    "type": "TextBlock",
                    "color": "dark",
                    "text": "Business",
                    "horizontalAlignment": "center",
                    "wrap": true,
                    "height": "auto"
                }
            ],
              "style": "emphasis",
            "selectAction": {
              "type": "Action.Submit",
              "data": "Update business address",
              "title": "Business"
            },
            "height": "auto"
        },
        {
            "type": "Container",
            "items": [
                {
                    "type": "TextBlock",
                    "color": "dark",
                    "text": "Registered",
                    "horizontalAlignment": "center",
                    "wrap": true,
                    "height": "auto"
                }
            ],
              "style": "emphasis",
            "selectAction": {
              "type": "Action.Submit",
              "data": "Update registered address",
              "title": "Registered"
            },
            "height": "auto"
        },
        {
            "type": "Container",
            "style": "default",
            "items": [
                {
                    "type": "TextBlock",
                    "color": "dark",
                    "text": "Branch/rep office",
                    "horizontalAlignment": "center",
                    "wrap": true,
                    "height": "auto"
                }
            ],
              "style": "emphasis",
            "selectAction": {
              "type": "Action.Submit",
              "data": "Update branch/rep office address",
              "title": "Branch/rep office"
            },
            "height": "auto"
        },
         {
            "type": "Container",
            "style": "default",
            "items": [
                {
                    "type": "TextBlock",
                    "color": "dark",
                    "text": "Permanent establishment",
                    "horizontalAlignment": "center",
                    "wrap": true,
                    "height": "auto"
                }
            ],
              "style": "emphasis",
            "selectAction": {
              "type": "Action.Submit",
              "data": "Update permanent establishment address",
              "title": "Permanent establishment"
            },
            "height": "auto"
        }
        
    ]
}