{
    "type": "AdaptiveCard",
    "body": [
        {
            "type": "ColumnSet",
            "columns": [
                {
                    "type": "Column",
                    "items": [
                        {
                            "type": "TextBlock",
                            "text": "Please enter the **business address** details.",
                            "wrap": true
                        },
                        {
                            "type": "TextBlock",
                            "text": "Entity Id",
                            "wrap": true
                        },
                        {
                            "type": "Input.Text",
                            "id": "entityId",
                            "placeholder": "Entity id "
                        },
                        {
                            "type": "TextBlock",
                            "text": "Entity Name",
                            "wrap": true
                        },
                        {
                            "type": "Input.Text",
                            "id": "entityName",
                            "placeholder": "Full name of your entity"
                        },
                        {
                            "type": "TextBlock",
                            "text": "Please enter your business address",
                            "wrap": true
                        },
                        {
                            "type": "Input.Text",
                            "id": "comment",
                            "placeholder": "Business address",
                            "isMultiline": true
                        }
                    ],
                    "width": 2
                }
            ]
        }
    ],
    "actions": [
        {
            "type": "Action.Submit",
            "title": "Submit",
            "data": {
                "x": 12
            }
        }
    ],
    "$schema": "http://adaptivecards.io/schemas/adaptive-card.json",
    "version": "1.0"
}