{
    "type": "AdaptiveCard",
    "body": [
        {
            "type": "ColumnSet",
            "columns": [
                {
                    "type": "Column",
                    "items": [
                        {
                            "type": "TextBlock",
                            "text": "Please help me get your CMS number. Enter below details.",
                            "wrap": true
                        },
                        {
                            "type": "TextBlock",
                            "text": "Entity ID",
                            "wrap": true
                        },
                        {
                            "type": "Input.Text",
                            "id": "entityId",
                            "placeholder": "EntityId"
                        },
                        {
                            "type": "TextBlock",
                            "text": "Entity Name",
                            "wrap": true
                        },
                        {
                            "type": "Input.Text",
                            "id": "entityName",
                            "placeholder": "Full name of your entity"
                           
                        }
                    ],
                    "width": 2
                }
            ]
        }
    ],
    "actions": [
        {
            "type": "Action.Submit",
            "title": "Submit",
            "data":{"x":12},
            "requiredInputs": [
        "entityId"
      ]
        }
    ],
    "$schema": "http://adaptivecards.io/schemas/adaptive-card.json",
    "version": "1.0"
}
