{
    "$schema": "http://adaptivecards.io/schemas/adaptive-card.json",
    "type": "AdaptiveCard",
    "version": "1.0",
    "body": [
        {
            "type": "TextBlock",
            "text": "Please select from the following list of finance data, you want to update... ",
            "wrap": true,
            "weight": "Bolder"
        },
        {
            "type": "Container",
            "items": [
                {
                    "type": "TextBlock",
                    "color": "dark",
                    "text": "Capital",
                    "horizontalAlignment": "center",
                    "wrap": true,
                    "height": "auto"
                }
            ],
              "style": "emphasis",
            "selectAction": {
              "type": "Action.Submit",
              "data": "Update capital",
              "title": "Capital"
            },
            "height": "auto"
        },
        {
            "type": "Container",
            "items": [
                {
                    "type": "TextBlock",
                    "color": "dark",
                    "text": "Securities",
                    "horizontalAlignment": "center",
                    "wrap": true,
                    "height": "auto"
                }
            ],
              "style": "emphasis",
            "selectAction": {
              "type": "Action.Submit",
              "data": "Update securities",
              "title": "Securities"
            },
            "height": "auto"
        },
        {
            "type": "Container",
            "items": [
                {
                    "type": "TextBlock",
                    "color": "dark",
                    "text": "Financial Information",
                    "horizontalAlignment": "center",
                    "wrap": true,
                    "height": "auto"
                }
            ],
              "style": "emphasis",
            "selectAction": {
              "type": "Action.Submit",
              "data": "Update financial information",
              "title": "Financial Information"
            },
            "height": "auto"
        }
        
    ]
}