{   
    "$schema": "http://adaptivecards.io/schemas/adaptive-card.json",
    "version": "1.0",
    "type": "AdaptiveCard",
    "body": [
        {
            "type": "TextBlock",
            "text": "Sure. I can help. Please select any...",
            "wrap": true
        }
    ],
    "actions": [
        {
            "type": "Action.Submit",
            "title": "Update/Maintain LE data",
            "data": "Update/Maintain LE data",
            "wrap": true,
            "id" : "Entity_CMS"
        },
        {
            "type": "Action.Submit",
            "title": "Incorrect Entity data (Address/finance/tax data)",
            "data":"Incorrect Entity data (Address/finance/tax data)",
            "value":"address",
            "wrap": true
        },
         {
            "type": "Action.Submit",
            "title": "Other LEM/LPE data issues",
            "data":"Other LEM/LPE data issues",
            "value":"otherQueries",
            "wrap": true
        }
    ]
   
}