{
    "type": "AdaptiveCard",
    "body": [
        {
            "type": "TextBlock",
            "text": "Please click an option to update details"
        }
    ],
    "actions": [
        {
            "type": "Action.ShowCard",
            "title": "Team Number",
            "card": {
                "type": "AdaptiveCard",
                "style": "emphasis",
                "body": [
                    {
                        "type": "TextBlock",
                        "text": "Enter Team number"
                    },
                    {
                        "type": "Input.Text",
                        "id": "Team Number",
                        "placeholder": "enter comment",
                        "maxLength": 500,
                        "isMultiline": true
                    }
                ],
                "actions": [
                    {
                        "type": "Action.Submit",
                        "title": "Submit!"
                    }
                ],
                "$schema": "http://adaptivecards.io/schemas/adaptive-card.json"
            }
        },
        {
            "type": "Action.ShowCard",
            "title": "Team option",
            "card": {
                "type": "AdaptiveCard",
                "style": "emphasis",
                "body": [
                    {
                        "type": "TextBlock",
                        "text": "Enter Team option"
                    },
                    {
                        "type": "Input.Text",
                        "id": "input2",
                        "placeholder": "enter comment",
                        "maxLength": 500,
                        "isMultiline": true
                    }
                ],
                "actions": [
                    {
                        "type": "Action.Submit",
                        "title": "Submit!"
                    }
                ],
                "$schema": "http://adaptivecards.io/schemas/adaptive-card.json"
            }
        },
        {
            "type": "Action.ShowCard",
            "title": "Team justriction",
            "card": {
                "type": "AdaptiveCard",
                "style": "emphasis",
                "body": [
                    {
                        "type": "TextBlock",
                        "text": "Enter Team justriction"
                    },
                    {
                        "type": "Input.Text",
                        "id": "justriction",
                        "placeholder": "enter comment",
                        "maxLength": 500,
                        "isMultiline": true
                    }
                ],
                "actions": [
                    {
                        "type": "Action.Submit",
                        "title": "Submit!"
                    }
                ],
                "$schema": "http://adaptivecards.io/schemas/adaptive-card.json"
            }
        },
        {
            "type": "Action.ShowCard",
            "title": "Effective Date",
            "card": {
                "type": "AdaptiveCard",
                "style": "emphasis",
                "body": [
                    {
                        "type": "TextBlock",
                        "text": "Enter Effective Date"
                    },
                    {
                        "type": "Input.Text",
                        "id": "Effective Date",
                        "placeholder": "enter comment",
                        "maxLength": 500,
                        "isMultiline": true
                    }
                ],
                "actions": [
                    {
                        "type": "Action.Submit",
                        "title": "Submit!"
                    }
                ],
                "$schema": "http://adaptivecards.io/schemas/adaptive-card.json"
            }
        },
        {
            "type": "Action.ShowCard",
            "title": " Date",
            "card": {
                "type": "AdaptiveCard",
                "style": "emphasis",
                "body": [
                    {
                        "type": "TextBlock",
                        "text": "Enter Date"
                    },
                    {
                        "type": "Input.Text",
                        "id": "Date",
                        "placeholder": "enter comment",
                        "maxLength": 500,
                        "isMultiline": true
                    }
                ],
                "actions": [
                    {
                        "type": "Action.Submit",
                        "title": "Submit!"
                    }
                ],
                "$schema": "http://adaptivecards.io/schemas/adaptive-card.json"
            }
        }
    ],
    "$schema": "http://adaptivecards.io/schemas/adaptive-card.json",
    "version": "1.0"
}