{   
    "$schema": "http://adaptivecards.io/schemas/adaptive-card.json",
    "version": "1.0",
    "type": "AdaptiveCard",
    "body": [        
        {
              "type": "TextBlock",
              "text": "Listing a couple of issues as below. Click any or feel free to type...",
              "wrap": true
            
        }
    ],
    "actions": [
        {
            "type": "Action.Submit",
            "title": "Legal entity business data issues",
            "data": "Legal entity business data issues",
            "wrap": true            
        },
        {
            "type": "Action.Submit",
            "title": "Workflow related queries",
            "value":"Workflow related queries",
            "data":"Workflow related queries",
            "wrap": true
        },
         {
            "type": "Action.Submit",
            "title": "General legal entity business queries",
            "value":"General queries",
            "data":"General legal entity business queries",
            "wrap": true
        }
    ]
}