{
    "$schema": "http://adaptivecards.io/schemas/adaptive-card.json",
    "type": "AdaptiveCard",
    "version": "1.0",
    "body": [
        {
            "type": "TextBlock",
            "text": "Choose the type workflow related queries you are facing: ",
            "wrap": true,
            "weight": "Bolder"
        },
        {
            "type": "Container",
            "items": [
                {
                    "type": "TextBlock",
                    "color": "dark",
                    "text": "Unable to see assigned workflow",
                    "horizontalAlignment": "center",
                    "wrap": true,
                    "height": "auto"
                }
            ],
              "style": "emphasis",
            "selectAction": {
              "type": "Action.Submit",
              "data": "Unable to see assigned workflow",
              "title": "Unable to see assigned workflow"
            },
            "height": "auto"
        },
        {
            "type": "Container",
            "items": [
                {
                    "type": "TextBlock",
                    "color": "dark",
                    "text": "Unable to process assigned workflow",
                    "horizontalAlignment": "center",
                    "wrap": true,
                    "height": "auto"
                }
            ],
              "style": "emphasis",
            "selectAction": {
              "type": "Action.Submit",
              "data": "Unable to process assigned workflow",
              "title": "Unable to process assigned workflow"
            },
            "height": "auto"
        },
        {
            "type": "Container",
            "items": [
                {
                    "type": "TextBlock",
                    "color": "dark",
                    "text": "Incorrect workflow assignment",
                    "horizontalAlignment": "center",
                    "wrap": true,
                    "height": "auto"
                }
            ],
              "style": "emphasis",
            "selectAction": {
              "type": "Action.Submit",
              "data": "Incorrect workflow assignment",
              "title": "Incorrect workflow assignment"
            },
            "height": "auto"
        },        
        {
            "type": "Container",
            "items": [
                {
                    "type": "TextBlock",
                    "color": "dark",
                    "text": "Other queries/issues related to workflow",
                    "horizontalAlignment": "center",
                    "wrap": true,
                    "height": "auto"
                }
            ],
              "style": "emphasis",
            "selectAction": {
              "type": "Action.Submit",
              "data": "Other queries/issues related to workflow",
              "title": "Other queries/issues related to workflow"
            },
            "height": "auto"
        }
        
    ]
}