{
    "type": "AdaptiveCard",
    "body": [
        {
            "type": "Container",
            "items": [
                {
                    "type": "TextBlock",
                    "text": "Please select one of the options below:"
                }
            ]
        }
    ],
    "actions": [
        {
            "type": "Action.Submit",
            "title": "Add in e-mail chain ",
            "data": "Add in e-mail chain ",
            "id": "Add in e-mail chain "
        },
        {
            "type": "Action.Submit",
            "title": "Remove from e-mail chain ",
            "data": "Remove from e-mail chain ",
            "id": "Remove from e-mail chain "
        }
    ],
    "$schema": "http://adaptivecards.io/schemas/adaptive-card.json",
    "version": "1.0"
}