{
     
    "type": "AdaptiveCard",
    "body": [
        {
            "type": "Container",
            "items": [
                {
                    "type": "TextBlock",
                    "text": "Please select one of the options below:"
                }
            ]
        }
    ],
    "actions": [
        {
            "type": "Action.Submit",
            "title": "Add fields in report ",
            "data": "Add fields in report ",
            "id": "Add fields in report "
        },
        {
            "type": "Action.Submit",
            "title": "Remove fields in report  ",
            "data": "Remove fields in report  ",
            "id": "Remove fields in report  "
        }
    ],
   "$schema": "http://adaptivecards.io/schemas/adaptive-card.json",
    "version": "1.0"
}