{
    "type": "AdaptiveCard",
    "body": [
        {
            "type": "Container",
            "items": [
                {
                    "type": "TextBlock",
                    "text": "Welcome to SwissRe. I’m xyz, your virtual assistant. Here are some examples of what I can assist you with. Please select one of the options below:"
                }
            ]
        }
    ],
    "actions": [
        {
            "type": "Action.Submit",
            "title": "Add/Remove person from email chain ",
            "data": "Update person in email chain ",
            "id": "Add/Remove person from email chain "
        },
        {
            "type": "Action.Submit",
            "title": "Add/Remove field from report ",
            "data": "Update field in report ",
            "id": "Add/Remove field from report"
        },
        {
            "type": "Action.Submit",
            "title": "Service Request ",
            "data": "Service Request ",
            "id": "Service Request "
        }
    ],
    "$schema": "http://adaptivecards.io/schemas/adaptive-card.json",
    "version": "1.0"
}