{
    "type": "AdaptiveCard",
    "body": [
        {
            "type": "Container",
            "items": [
                {
                    "type": "TextBlock",
                    "text": "Please select one of the options below:"
                }
            ]
        }
    ],
    "actions": [
        {
            "type": "Action.Submit",
            "title": "T_MH_MANUAL_POLICY_LIST",
            "data": "T_MH_MANUAL_POLICY_LIST",
            "id": "T_MH_MANUAL_POLICY_LIST"
        }
         
    ],
    "$schema": "http://adaptivecards.io/schemas/adaptive-card.json",
    "version": "1.0"
}