{
    "type": "AdaptiveCard",
    "body": [
        {
            "type": "Container",
            "items": [
                {
                    "type": "TextBlock",
                    "text": "Please select one of the options below:"
                }
            ]
        }
    ],
    "actions": [
        {
            "type": "Action.Submit",
            "title": "Policy need to be marked to Success",
            "data": "Policy need to be marked to Success",
            "id": "Policy need to be marked to Success"
        },
        {
            "type": "Action.Submit",
            "title": "Add to exception list",
            "data": "Add to exception list",
            "id": "Add to exception list"
        },
        {
            "type": "Action.Submit",
            "title": "Re-Trigger the policy ",
            "data": "Re-Trigger the policy ",
            "id": "Re-Trigger the policy "
             

        },
        {
            "type": "Action.Submit",
            "title": "Fetch MH Policy Number for a PINJ Policy Number",
            "data": "Fetch MH Policy Number for a PINJ Policy Number",
            "id": "Fetch MH Policy Number for a PINJ Policy Number"
        }
    ],
    "$schema": "http://adaptivecards.io/schemas/adaptive-card.json",
    "version": "1.0"
}