{
    "type": "AdaptiveCard",
    "body": [
        {
            "type": "Container",
            "items": [
                {
                    "type": "TextBlock",
                    "text": "Please select one of the options below:"
                }
            ]
        }
    ],
    "actions": [
        {
            "type": "Action.Submit",
            "title": "Line",
            "data": "Line",
            "id": "Line"
        },
        {
            "type": "Action.Submit",
            "title": "Adjustment",
            "data": "Adjustment",
            "id": "Adjustment"
            
        },
         {
            "type": "Action.Submit",
            "title": "Booking",
            "data": "Booking",
            "id": "Booking"
        }
    ],
    "$schema": "http://adaptivecards.io/schemas/adaptive-card.json",
    "version": "1.0"
}