{
    "type": "AdaptiveCard",
    "body": [
        {
            "type": "Container",
            "items": [
                {
                    "type": "TextBlock",
                    "text": "Please select one of the options below:"
                }
            ]
        }
    ],
    "actions": [
        {
            "type": "Action.Submit",
            "title": "Manhattan ",
            "data": "Manhattant",
            "id": "Manhattan"
        },
        {
            "type": "Action.Submit",
            "title": "Tymetrix",
            "data": "Tymetrix",
            "id": "Tymetrix"
        },
        {
            "type": "Action.Submit",
            "title": "Other interface issue",
            "data": "Other interface issue",
            "id": "Other interface issue"
        }
    ],
    "$schema": "http://adaptivecards.io/schemas/adaptive-card.json",
    "version": "1.0"
}