{
    "type": "AdaptiveCard",
    "body": [
        {
            "type": "Container",
            "items": [
                {
                    "type": "TextBlock",
                    "text": "Please select one of the options below:"
                }
            ]
        }
    ],
    "actions": [
        {
            "type": "Action.Submit",
            "title": "Matter Re-Interfacing",
            "data": "Matter Re-Interfacing",
            "id": "Matter Re-Interfacing"
        },
        {
            "type": "Action.Submit",
            "title": "Invoice Re-Interfacing",
            "data": "Invoice Re-Interfacing ",
            "id": "Invoice Re-Interfacing"
        }
    ],
    "$schema": "http://adaptivecards.io/schemas/adaptive-card.json",
    "version": "1.0"
}